museum_number,species,collection,sex,region,body_length,mandible_length,inside_mandible_length,mandible_tooth_1,mandible_tooth_2,mandible_tooth_3,mandible_tooth_4,head_length,head_width,pronotum_length,pronotum_width,elytra_length,elytra_width,method
,G. helmsi,Barratt Collection,Male,Stewart Island,23.91,5.25,4.70,2.50,3.67,1.71,0.96,4.88,10.83,6.60,12.41,12.43,10.43,Callipers
,G. helmsi,Barratt Collection,Male,Stewart Island,20.88,4.79,4.03,2.28,3.65,1.52,0.70,4.38,9.82,5.57,10.64,10.93,9.73,Callipers
,G. helmsi,Barratt Collection,Female,Stewart Island,21.28,2.50,1.80,,,,,3.20,7.22,6.12,10.77,11.96,10.22,Callipers
,G. helmsi,Barratt Collection,Female,Stewart Island,20.13,2.85,1.76,,,,,3.12,6.86,6.22,10.06,10.79,9.75,Callipers
,G. helmsi,Barratt Collection,Female,Stewart Island,16.77,2.04,1.53,,,,,2.31,5.68,5.23,8.28,9.23,7.81,Callipers
,G. helmsi,Barratt Collection,Female,Stewart Island,24.37,3.09,2.16,,,,,3.80,8.04,6.78,11.68,13.79,11.30,Callipers
,G. helmsi,Barratt Collection,Female,Stewart Island,23.18,2.88,2.23,,,,,3.45,7.83,6.92,11.93,12.81,10.61,Callipers
,G. helmsi,Barratt Collection,Female,Stewart Island,21.64,2.51,1.87,,,,,3.15,7.19,6.12,10.54,12.37,10.43,Callipers
,G. helmsi,Barratt Collection,Male,Stewart Island,20.48,4.28,3.74,2.26,3.45,1.45,0.59,3.89,9.50,6.04,11.13,10.55,10.11,Callipers
,G. helmsi,Barratt Collection,Male,Stewart Island,22.15,4.58,3.82,2.30,3.76,1.39,0.79,5.04,9.97,5.85,11.16,11.26,10.20,Callipers
OMNZIV43998,G. helmsi,Otago Museum,Female,Stewart Island,16.79,2.19,1.41,,,,,1.97,5.63,4.78,8.08,10.04,8.31,Callipers
OMNZIV44001,G. helmsi,Otago Museum,Male,Stewart Island,19.59,3.83,3.11,2.09,3.54,0.62,0.49,3.91,8.60,5.65,10.27,10.03,8.96,Callipers
OMNZIV44006,G. helmsi,Otago Museum,Male,Stewart Island,27.59,6.81,6.18,3.12,4.97,1.32,1.06,6.70,13.41,7.61,14.68,13.28,11.27,Callipers
OMNZIV44014,G. helmsi,Otago Museum,Female,Stewart Island,19.90,2.30,1.62,,,,,2.75,6.38,5.61,9.42,11.54,9.57,Callipers
OMNZIV44020,G. helmsi,Otago Museum,Female,Stewart Island,20.37,2.16,1.63,,,,,3.11,6.63,6.01,9.62,11.25,9.38,Callipers
OMNZIV15634,G. helmsi,Otago Museum,Male,Stewart Island,24.67,6.16,5.40,3.00,4.60,1.35,1.23,5.89,11.67,6.52,13.09,12.26,10.98,Callipers
OMNZIV15636,G. helmsi,Otago Museum,Female,Stewart Island,21.68,2.60,1.62,,,,,2.84,7.17,6.38,10.98,12.46,10.87,Callipers
OMNZIV15642,G. helmsi,Otago Museum,Male,Stewart Island,23.15,5.11,4.96,2.61,4.21,1.03,0.98,4.35,11.18,6.96,12.55,11.84,10.40,Callipers
OMNZIV15644,G. helmsi,Otago Museum,Female,Stewart Island,18.96,2.32,1.68,,,,,3.17,6.47,5.62,9.13,10.17,8.85,Callipers
605542,G. helmsi,BMNH,Male,Stewart Island,27.69,8.87,7.73,3.80,5.03,2.34,1.61,6.24,16.70,8.47,18.02,12.98,13.44,Digital
605542,G. helmsi,BMNH,Male,Stewart Island,26.54,8.82,7.70,2.77,4.81,2.30,1.66,5.83,16.57,8.60,17.85,12.12,12.69,Digital
1,G. helmsi,Fieldwork,Male,Stewart Island,23.11,3.92,3.16,2.98,3.84,1.3,0.84,4.94,9.79,6.58,11.11,11.59,9.91,Callipers
2,G. helmsi,Fieldwork,Male,Stewart Island,22.24,4.23,3.02,2.03,2.62,1.72,0.45,4.92,9.33,6.43,10.67,10.89,9.64,Callipers
6,G. helmsi,Fieldwork,Male,Stewart Island,27.13,5.48,4.31,2.67,4.05,1.26,0.75,6.51,12.74,7.55,13.11,13.07,10.73,Callipers
7,G. helmsi,Fieldwork,Female,Stewart Island,24.10,3.27,2.15,,,,,4.56,7.84,6.71,11.43,12.83,10.96,Callipers
8,G. helmsi,Fieldwork,Female,Stewart Island,24.01,3.46,2.52,,,,,3.63,8.29,7.39,11.97,12.99,10.92,Callipers
9,G. helmsi,Fieldwork,Female,Stewart Island,22.74,2.82,1.58,,,,,3.4,7.44,7.45,10.32,11.89,10.27,Callipers
10,G. helmsi,Fieldwork,Female,Stewart Island,20.59,3.39,2.03,,,,,3.72,7.82,6.82,10.73,10.05,10.18,Callipers
11,G. helmsi,Fieldwork,Female,Stewart Island,23.18,2.79,1.7,,,,,3.06,8.06,7.47,11.12,12.65,10.08,Callipers
12,G. helmsi,Fieldwork,Female,Stewart Island,19.74,2.88,1.8,,,,,2.99,6.51,5.9,9.77,10.85,9.25,Callipers
13,G. helmsi,Fieldwork,Female,Stewart Island,22.65,2.86,2.19,,,,,3.66,8.21,6.88,10.78,12.11,10.39,Callipers
14,G. helmsi,Fieldwork,Female,Stewart Island,21.46,3.05,2.12,,,,,2.62,8.22,6.77,10.97,12.07,10.39,Callipers
15,G. helmsi,Fieldwork,Larva,Stewart Island,,,,,,,,,,,,,,
16,G. helmsi,Fieldwork,Female,Stewart Island,20.29,2.63,2.17,,,,,3.86,6.65,5.79,9.15,10.64,8.79,Callipers
17,G. helmsi,Fieldwork,Female,Stewart Island,,,,,,,,,,,,,,Callipers
18,G. helmsi,Fieldwork,Female,Stewart Island,25.80,2.83,1.68,,,,,4.08,8.15,7.77,12.02,13.95,11.27,Callipers
19,G. helmsi,Fieldwork,Female,Stewart Island,22.17,2.61,1.75,,,,,3.51,7.57,6.54,10.63,12.12,9.99,Callipers
20,G. helmsi,Fieldwork,Male,Stewart Island,,,,,,,,,,,,,,Callipers
21,G. helmsi,Fieldwork,Female,Stewart Island,24.48,2.26,1.9,,,,,3.61,7.94,7.75,12.21,13.12,11.49,Callipers
22,G. helmsi,Fieldwork,Female,Stewart Island,20.48,2.31,1.7,,,,,3.27,6.21,5.96,9.62,11.25,9.85,Callipers
23,G. helmsi,Fieldwork,Female,Stewart Island,23.66,2.56,1.6,,,,,3.64,6.98,7.79,10.48,12.23,10.52,Callipers
24,G. helmsi,Fieldwork,Female,Stewart Island,21.59,2.53,1.55,,,,,4.01,7.59,5.7,9.27,11.88,10.74,Callipers
25,G. helmsi,Fieldwork,Female,Stewart Island,20.88,1.94,1.64,,,,,2.8,6.43,6.54,9.52,11.54,9.15,Callipers
26,G. helmsi,Fieldwork,Female,Stewart Island,20.95,2.77,1.52,,,,,3.03,7.15,6.66,9.61,11.26,9.71,Callipers
27,G. helmsi,Fieldwork,Male,Stewart Island,26.07,5.77,5.13,3.08,4.23,1.66,1.51,5.85,11.68,7.37,13.19,12.85,11.09,Callipers
28,G. helmsi,Fieldwork,Female,Stewart Island,28.44,2.48,1.65,,,,,4.9,9.25,8.75,13.55,14.79,12.38,Callipers
29,G. helmsi,Fieldwork,Female,Stewart Island,24.60,2.47,2.03,,,,,4.3,7.5,6.99,11.28,13.31,10.36,Callipers
30,G. helmsi,Fieldwork,Female,Stewart Island,18.63,2.05,1.66,,,,,2.59,6.02,5.77,9.49,10.27,9.12,Callipers
31,G. helmsi,Fieldwork,Female,Stewart Island,21.10,2.77,2.13,,,,,3.69,6.97,6.4,9.7,11.01,9.87,Callipers
32,G. helmsi,Fieldwork,Female,Stewart Island,19.72,2.37,2.04,,,,,3.19,6.67,5.67,9.6,10.86,9.47,Callipers
33,G. helmsi,Fieldwork,Female,Stewart Island,20.16,2.06,1.79,,,,,3.19,6.96,6.16,9.44,10.81,9.1,Callipers
34,G. helmsi,Fieldwork,,Stewart Island,,,,,,,,,,,,,,
35,G. helmsi,Fieldwork,Female,Stewart Island,24.74,2.17,1.83,,,,,4.27,8.42,7.1,11.65,13.37,11.13,Callipers
36,G. helmsi,Fieldwork,Female,Stewart Island,20.67,1.8,1.76,,,,,2.65,7.4,6.5,9.93,11.52,9.3,Callipers
37,G. helmsi,Fieldwork,Male,Stewart Island,18.54,3.1,2.42,1.59,2.67,1.35,0.66,3.24,7.73,5.12,8.91,10.18,8.18,Callipers
38,G. helmsi,Fieldwork,Female,Stewart Island,20.32,2.34,1.88,,,,,3.89,6.69,6.21,8.42,10.22,9.05,Callipers
39,G. helmsi,Fieldwork,Female,Stewart Island,22.75,2.55,1.83,,,,,3.68,7.39,6.79,10.5,12.28,10.31,Callipers
40,G. helmsi,Fieldwork,Female,Stewart Island,,3.09,2.01,,,,,3.59,7.13,7.06,10.39,12.17,10.18,Callipers
41,G. helmsi,Fieldwork,Female,Stewart Island,24.58,2.91,2.31,,,,,4.05,8.19,7.39,11.58,13.14,11.41,Callipers
42,G. helmsi,Fieldwork,Female,Stewart Island,22.36,3.54,2.22,,,,,3.64,7.38,6.72,11.04,12,10.59,Callipers
43,G. helmsi,Fieldwork,Female,Stewart Island,21.67,2.55,2.02,,,,,3.61,7.72,6.24,10.69,11.82,10.14,Callipers
44,G. helmsi,Fieldwork,Female,Stewart Island,23.09,2.78,1.95,,,,,3.72,7.93,6.96,10.75,12.41,10.68,Callipers
45,G. helmsi,Fieldwork,Female,Stewart Island,20.84,2.52,2.09,,,,,3.26,6.49,6.21,9.15,11.37,9.21,Callipers
46,G. helmsi,Fieldwork,Female,Stewart Island,21.96,2.59,2.13,,,,,3.82,6.9,6.71,9.87,11.43,9.67,Callipers
47,G. helmsi,Fieldwork,Female,Stewart Island,21.99,2.83,2.56,,,,,3.25,7.25,6.2,10.09,12.54,9.92,Callipers
48,G. helmsi,Fieldwork,Female,Stewart Island,21.75,2.46,2.3,,,,,3.65,7,6.39,10.06,11.71,9.79,Callipers
49,G. helmsi,Fieldwork,Female,Stewart Island,20.36,2.78,2.46,,,,,3.1,6.75,6.45,9,10.81,8.57,Callipers
50,G. helmsi,Fieldwork,Female,Stewart Island,23.38,3.15,2.1,,,,,3.85,7.28,7.22,10.49,12.31,10.66,Callipers
51,G. helmsi,Fieldwork,Female,Stewart Island,18.42,2.08,1.93,,,,,2.97,6.52,5.45,8.76,10,8.31,Callipers
52,G. helmsi,Fieldwork,Male,Stewart Island,18.34,3.27,2.29,1.8,2.85,1.53,0.9,3.79,8.14,5.4,9.02,9.15,8.54,Callipers
53,G. helmsi,Fieldwork,Female,Stewart Island,19.18,2.03,1.86,,,,,3.14,5.89,5.74,8.3,10.3,8.32,Callipers
54,G. helmsi,Fieldwork,Female,Stewart Island,22.51,3.06,2.41,,,,,4.02,7.53,7.03,10.54,11.46,10.94,Callipers
55,G. helmsi,Fieldwork,Female,Stewart Island,24.80,2.96,2.8,,,,,3.73,8.01,7.85,10.83,13.22,10.79,Callipers
56,G. helmsi,Fieldwork,Female,Stewart Island,25.25,2.55,2.13,,,,,4.32,8.53,8.32,11.59,12.61,11.5,Callipers
57,G. helmsi,Fieldwork,Female,Stewart Island,20.83,2.89,2.2,,,,,3.3,7.19,6.11,9.33,11.42,9.24,Callipers
58,G. helmsi,Fieldwork,Male,Stewart Island,23.94,5.5,3.87,2.27,4.46,1.76,0.92,5.73,11.2,6.94,12.72,11.27,10.67,Callipers
59,G. helmsi,Fieldwork,Male,Stewart Island,27.37,5.82,4.78,3.33,5.21,2,1.37,7.17,13.05,7.44,14.28,12.76,11.64,Callipers
60,G. helmsi,Fieldwork,Female,Stewart Island,20.70,3.07,2.19,,,,,3.32,6.84,6.23,9.74,11.15,9.83,Callipers
61,G. helmsi,Fieldwork,Female,Stewart Island,19.88,2.31,2.25,,,,,2.49,6.8,6.14,9.53,11.25,9.08,Callipers
62,G. helmsi,Fieldwork,Female,Stewart Island,23.59,2.47,1.65,,,,,3.73,7.74,7.1,11.14,12.76,10.72,Callipers
63,G. helmsi,Fieldwork,Female,Stewart Island,18.46,2.34,2.24,,,,,2.65,6.63,5.76,8.67,10.05,8.64,Callipers
64,G. helmsi,Fieldwork,Female,Stewart Island,18.90,2.34,1.97,,,,,2.97,5.86,5.89,9.32,10.04,8.17,Callipers
66.15,G. helmsi,Fieldwork,Male,Stewart Island,,2.9,1.88,,,,,4.66,7,,,,,Callipers
67,G. helmsi,Fieldwork,Female,Stewart Island,19.06,2.22,1.69,,,,,3.02,6.98,5.81,9.37,10.23,9.26,Callipers
68,G. helmsi,Fieldwork,Male,Stewart Island,24.56,4.23,3.94,2.18,3.43,1.46,0.059,4.56,9.75,11.09,11.16,8.91,10.29,Callipers
69,G. helmsi,Fieldwork,Female,Stewart Island,22.55,2.46,1.61,,,,,3.49,7.31,7.09,9.84,11.97,9.6,Callipers
70,G. helmsi,Fieldwork,Female,Stewart Island,22.82,2.38,1.95,,,,,3.81,7.8,7.2,10.86,11.81,10.39,Callipers
71,G. helmsi,Fieldwork,Female,Stewart Island,22.74,2.9,2.56,,,,,3.4,7.88,6.78,11.24,12.56,10.61,Callipers
72,G. helmsi,Fieldwork,Female,Stewart Island,21.84,2.68,1.44,,,,,3.39,8.26,6.95,10.41,11.5,10.49,Callipers
73,G. helmsi,Fieldwork,Female,Stewart Island,22.00,3.44,2.74,,,,,3.85,7.46,6.33,10.31,11.82,9.92,Callipers
74,G. helmsi,Fieldwork,Female,Stewart Island,20.36,2.21,1.97,,,,,3.07,6.58,6.18,9.38,11.11,9.17,Callipers
75,G. helmsi,Fieldwork,Female,Stewart Island,23.87,2.79,2.19,,,,,4.21,7.72,6.7,11.22,12.96,10.93,Callipers
76,G. helmsi,Fieldwork,Female,Stewart Island,18.32,2.09,1.95,,,,,3.04,6.62,5.28,9.17,10,7.75,Callipers
77,G. helmsi,Fieldwork,Female,Stewart Island,23.50,2.75,2.13,,,,,3.66,7.6,7.23,11.29,12.61,10.44,Callipers
78,G. helmsi,Fieldwork,Female,Stewart Island,20.41,2.33,1.83,,,,,3.52,7.23,6.02,9.59,10.87,9.51,Callipers
79,G. helmsi,Fieldwork,Female,Stewart Island,20.74,2.69,1.93,,,,,3,7.28,6.62,9.87,11.12,9.71,Callipers
80,G. helmsi,Fieldwork,Female,Stewart Island,19.20,2.07,1.88,,,,,3.16,6.74,5.96,8.94,10.08,8.76,Callipers
81,G. helmsi,Fieldwork,Female,Stewart Island,22.06,2.83,1.84,,,,,3.56,7.15,6.6,10.05,11.9,10.31,Callipers
82,G. helmsi,Fieldwork,Female,Stewart Island,22.34,2.39,2.15,,,,,3.48,7.57,6.85,10.28,12.01,9.99,Callipers
83,G. helmsi,Fieldwork,Female,Stewart Island,20.49,1.97,1.74,,,,,3.32,6.91,6.08,9.44,11.09,9.36,Callipers
84,G. helmsi,Fieldwork,Female,Stewart Island,26.98,3.32,2.27,,,,,4.37,9.21,8.69,12.61,13.92,11.98,Callipers
85,G. helmsi,Fieldwork,Female,Stewart Island,24.71,2.84,2.32,,,,,3.75,8.16,7.63,11.77,13.33,11.52,Callipers
86,G. helmsi,Fieldwork,Female,Stewart Island,18.07,2.3,2.04,,,,,2.87,6.03,5.33,8.19,9.87,7.95,Callipers
87,G. helmsi,Fieldwork,Female,Stewart Island,24.68,2.69,2.32,,,,,4.48,7.77,7.01,10.98,13.19,10.87,Callipers
88,G. helmsi,Fieldwork,Female,Stewart Island,21.97,3.22,2.17,,,,,3.65,7.41,6.81,9.9,11.51,9.52,Callipers
89,G. helmsi,Fieldwork,Female,Stewart Island,19.89,2.04,1.96,,,,,3.29,6.62,5.94,9.09,10.66,8.83,Callipers
90,G. helmsi,Fieldwork,Female,Stewart Island,21.69,2.36,2.03,,,,,3.41,7.42,6.52,10.21,11.76,9.84,Callipers
91,G. helmsi,Fieldwork,Female,Stewart Island,24.71,2.72,2.51,,,,,4.09,7.57,7.8,11.93,12.82,11.57,Callipers
92,G. helmsi,Fieldwork,Female,Stewart Island,22.14,2.48,1.97,,,,,3.37,7.23,6.68,10.71,12.09,10.46,Callipers
93,G. helmsi,Fieldwork,Female,Stewart Island,20.32,2.43,1.87,,,,,3.15,7.11,6.19,9.21,10.98,9.24,Callipers
94,G. helmsi,Fieldwork,Female,Stewart Island,22.96,2.59,2.32,,,,,3.7,7.16,7.04,10.55,12.22,10.52,Callipers
95,G. helmsi,Fieldwork,Female,Stewart Island,24.04,2.86,2.46,,,,,3.85,7.84,7.23,11.24,12.96,11.03,Callipers
96,G. helmsi,Fieldwork,Female,Stewart Island,19.93,1.92,1.66,,,,,3.71,6.76,5.84,9.19,10.38,8.9,Callipers
97,G. helmsi,Fieldwork,Female,Stewart Island,20.77,2.39,1.64,,,,,3.35,6.8,6.06,9.44,11.36,9.43,Callipers
98,G. helmsi,Fieldwork,Female,Stewart Island,20.00,2.11,1.94,,,,,3.06,6.82,6.06,9.29,10.88,9.68,Callipers
99,G. helmsi,Fieldwork,Female,Stewart Island,21.47,2.14,1.9,,,,,4.04,6.89,6.85,10.03,10.58,9.56,Callipers
100,G. helmsi,Fieldwork,Female,Stewart Island,22.68,2.58,2.15,,,,,3.42,7.49,7.13,11.04,12.13,10.85,Callipers
101,G. helmsi,Fieldwork,Female,Stewart Island,26.11,3.21,2.24,,,,,3.91,,8.06,11.92,14.14,11.52,Callipers
102,G. helmsi,Fieldwork,Female,Stewart Island,19.35,2.29,1.99,,,,,3.34,7.62,6.12,9.75,9.89,9.25,Callipers
103,G. helmsi,Fieldwork,Female,Stewart Island,23.82,2.83,2.01,,,,,4.23,7.98,7.05,11.22,12.54,10.72,Callipers
104,G. helmsi,Fieldwork,Female,Stewart Island,17.83,1.97,1.75,,,,,2.74,6.35,5.42,8.6,9.67,8.57,Callipers
105,G. helmsi,Fieldwork,Female,Stewart Island,20.38,2.19,1.57,,,,,3.04,6.94,6.2,9.13,11.14,9.28,Callipers
106,G. helmsi,Fieldwork,Female,Stewart Island,20.41,2.62,1.93,,,,,3.18,6.81,6.01,9.38,11.22,9.09,Callipers
107,G. helmsi,Fieldwork,Female,Stewart Island,22.23,2.58,1.78,,,,,3.47,7.51,7.01,10.4,11.75,9.99,Callipers
108,G. helmsi,Fieldwork,Female,Stewart Island,17.02,2.04,1.59,,,,,2.43,5.84,5.19,8.6,9.4,8.54,Callipers
109,G. helmsi,Fieldwork,Female,Stewart Island,22.47,2.92,2.55,,,,,3.05,7.62,7.08,10.46,12.34,10.19,Callipers
110,G. helmsi,Fieldwork,Female,Stewart Island,21.72,3.1,2.04,,,,,3.45,7.28,6.7,10.11,11.57,9.68,Callipers
111,G. helmsi,Fieldwork,Female,Stewart Island,25.07,2.74,2.23,,,,,4.18,8.82,7.56,12.19,13.33,11.58,Callipers
112,G. helmsi,Fieldwork,Female,Stewart Island,21.81,2.43,1.79,,,,,2.84,7.16,6.95,10.58,12.02,9.96,Callipers
113,G. helmsi,Fieldwork,Female,Stewart Island,22.95,2.63,2.25,,,,,3.28,7.05,7.36,10.8,12.31,10.38,Callipers
114,G. helmsi,Fieldwork,Female,Stewart Island,21.99,2.57,2.39,,,,,3.69,8.18,6.91,10.67,11.39,10.12,Callipers
115,G. helmsi,Fieldwork,Female,Stewart Island,21.64,2.22,1.61,,,,,3.14,7.36,6.41,10.5,12.09,10.45,Callipers
116,G. helmsi,Fieldwork,Female,Stewart Island,20.16,2.38,1.97,,,,,3.64,7.05,5.66,9.02,10.86,9.09,Callipers
117,G. helmsi,Fieldwork,Female,Stewart Island,22.69,2.69,2.08,,,,,3.51,7.95,6.56,11.05,12.62,10.54,Callipers
118,G. helmsi,Fieldwork,Female,Stewart Island,21.68,2.5,1.62,,,,,3.79,7.82,6.42,9.8,11.47,10.26,Callipers
119,G. helmsi,Fieldwork,Female,Stewart Island,27.45,3.1,2.43,,,,,4.66,8.83,8.38,12.65,14.41,11.8,Callipers
120,G. helmsi,Fieldwork,Female,Stewart Island,22.59,2.86,2.51,,,,,3.4,7.7,7.29,10.51,11.9,10.19,Callipers
121,G. helmsi,Fieldwork,Female,Stewart Island,24.31,3.29,2.41,,,,,3.66,7.85,7.37,11.74,13.28,10.74,Callipers
122,G. helmsi,Fieldwork,Female,Stewart Island,21.41,2.34,1.8,,,,,3.31,7.08,6.48,10.45,11.62,11.07,Callipers
123,G. helmsi,Fieldwork,Female,Stewart Island,20.15,2.19,1.81,,,,,3.02,6.57,6.22,9.25,10.91,9,Callipers
DOC1,G. helmsi,DOC,Male,Stewart Island,24.79,5.22,4.50,2.63,4.26,1.72,1.14,6.06,11.31,6.47,12.65,12.26,10.61,Callipers
DOC2,G. helmsi,DOC,Male,Stewart Island,32.32,8.79,7.79,4.07,6.19,2.13,1.74,9.18,16.93,8.34,19.08,14.80,13.71,Callipers
DOC3,G. helmsi,DOC,Male,Stewart Island,29.29,8.23,7.15,3.51,5.72,2.09,1.63,7.44,14.89,8.34,16.25,13.51,12.38,Callipers
DOC4,G. helmsi,DOC,Male,Stewart Island,27.88,6.86,5.65,3.28,4.95,1.83,1.47,7.16,13.69,7.34,14.82,13.38,11.61,Callipers
DOC5,G. helmsi,DOC,Male,Stewart Island,30.87,8.65,7.18,3.64,5.99,2.24,1.87,8.53,16.10,7.92,17.54,14.42,13.28,Callipers
DOC6,G. helmsi,DOC,Male,Stewart Island,29.24,7.89,7.12,3.59,5.79,2.23,1.60,7.90,14.87,8.01,16.12,13.33,12.28,Callipers
DOC7,G. helmsi,DOC,Male,Stewart Island,31.88,8.71,7.25,3.63,5.88,2.16,1.67,8.87,15.97,8.19,17.51,14.82,12.88,Callipers
DOC8,G. helmsi,DOC,Male,Stewart Island,26.83,6.58,5.88,3.08,4.89,1.83,1.33,6.72,12.69,7.06,13.62,13.05,11.11,Callipers
DOC9,G. helmsi,DOC,Male,Stewart Island,25.38,5.70,4.48,2.74,4.28,1.65,1.11,6.04,11.45,7.02,12.84,12.32,10.62,Callipers
DOC10,G. helmsi,DOC,Male,Stewart Island,25.97,5.69,5.07,2.90,4.57,1.64,0.91,5.84,11.81,7.28,13.28,12.85,10.98,Callipers
DOC11,G. helmsi,DOC,Male,Stewart Island,30.85,8.01,7.04,3.53,5.58,1.85,1.61,8.40,16.02,8.43,17.44,14.02,12.73,Callipers
DOC12,G. helmsi,DOC,Male,Stewart Island,28.23,7.33,6.18,3.28,5.16,1.99,1.33,7.34,14.01,7.51,15.43,13.38,11.96,Callipers
DOC13,G. helmsi,DOC,Male,Stewart Island,26.55,6.44,5.48,2.92,4.62,1.74,1.19,6.60,12.68,7.11,13.54,12.84,11.08,Callipers
DOC14,G. helmsi,DOC,Male,Stewart Island,27.45,6.96,6.22,2.96,4.94,1.77,1.32,6.78,13.07,7.41,14.75,13.26,11.55,Callipers
DOC15,G. helmsi,DOC,Male,Stewart Island,29.82,8.09,7.26,3.57,5.99,2.30,1.43,8.14,15.16,8.04,15.65,13.64,12.21,Callipers
DOC16,G. helmsi,DOC,Female,Stewart Island,25.35,3.01,2.82,,,,,3.61,8.73,7.68,12.53,14.06,11.60,Callipers
DOC17,G. helmsi,DOC,Female,Stewart Island,26.55,3.07,2.39,,,,,4.51,8.92,7.74,13.20,14.30,12.14,Callipers
DOC18,G. helmsi,DOC,Female,Stewart Island,23.06,2.92,2.20,,,,,3.43,7.80,6.74,11.03,12.89,10.72,Callipers
DOC 19,G. helmsi,DOC,Male,Stewart Island,28.37,6.97,5.86,3.12,5.05,1.63,1.36,7.74,13.75,7.53,14.83,13.10,11.80,Callipers
DOC 20,G. helmsi,DOC,Male,Stewart Island,32.60,9.63,7.64,3.94,6.07,2.39,1.88,8.99,17.06,9.15,17.41,14.46,13.63,Callipers
DOC 21,G. helmsi,DOC,Male,Stewart Island,28.79,7.92,6.44,3.24,5.62,1.90,1.48,7.09,14.42,7.65,15.40,14.05,12.37,Callipers
DOC 22,G. helmsi,DOC,Male,Stewart Island,26.79,7.17,5.94,3.17,5.29,1.93,1.30,6.20,13.39,7.20,14.06,13.39,11.63,Callipers
DOC 23,G. helmsi,DOC,Male,Stewart Island,29.59,8.17,7.26,3.62,5.64,2.03,1.63,7.80,15.24,7.97,16.24,13.82,12.67,Callipers
DOC 24,G. helmsi,DOC,Male,Stewart Island,30.03,8.73,7.63,3.93,6.06,2.24,1.81,7.92,15.67,8.13,16.65,13.98,12.60,Callipers
DOC 25,G. helmsi,DOC,Male,Stewart Island,23.64,5.33,4.32,2.62,4.01,1.78,1.06,4.70,10.76,6.71,12.21,12.23,10.48,Callipers
DOC 26,G. helmsi,DOC,Male,Stewart Island,29.08,7.48,6.52,3.37,5.28,1.95,1.41,7.47,14.70,8.17,15.38,13.44,12.36,Callipers
DOC 27,G. helmsi,DOC,Male,Stewart Island,29.53,8.17,6.90,3.59,5.74,2.01,1.62,7.62,15.10,7.87,15.93,14.04,12.56,Callipers
DOC 28,G. helmsi,DOC,Male,Stewart Island,31.47,9.74,8.59,4.08,6.60,2.45,1.81,7.94,17.13,8.47,17.67,15.06,13.59,Callipers
DOC 29,G. helmsi,DOC,Male,Stewart Island,21.11,3.99,3.02,2.10,3.53,1.47,0.72,4.28,8.86,5.90,10.10,10.93,8.82,Callipers
DOC 30,G. helmsi,DOC,Male,Stewart Island,29.01,7.66,6.96,3.18,5.25,2.06,1.65,7.74,14.55,7.94,16.06,13.33,12.34,Callipers
DOC 31,G. helmsi,DOC,Male,Stewart Island,27.39,7.68,6.71,3.17,4.95,1.94,1.42,6.90,14.38,7.57,15.70,12.92,11.93,Callipers
DOC 32,G. helmsi,DOC,Male,Stewart Island,27.30,7.39,6.36,3.16,4.91,1.96,1.42,7.34,13.33,7.45,14.63,12.51,11.35,Callipers
DOC 33,G. helmsi,DOC,Male,Stewart Island,30.20,8.21,7.55,3.56,5.69,2.18,1.69,7.75,15.62,8.14,16.83,14.31,12.72,Callipers
DOC 34,G. helmsi,DOC,Male,Stewart Island,23.47,4.54,3.58,2.49,3.77,1.61,0.77,5.16,10.10,6.68,11.63,11.63,9.87,Callipers
DOC 35,G. helmsi,DOC,Male,Stewart Island,25.89,5.90,5.06,2.74,4.52,1.59,0.99,6.22,11.94,6.71,13.28,12.96,10.99,Callipers
DOC 36,G. helmsi,DOC,Male,Stewart Island,25.85,6.15,5.22,2.93,4.75,1.79,1.18,5.54,12.21,7.15,13.77,13.16,11.16,Callipers
DOC 37,G. helmsi,DOC,Male,Stewart Island,26.79,7.09,6.52,3.29,4.98,1.72,1.39,6.41,13.60,7.31,14.89,13.07,11.59,Callipers
DOC 38,G. helmsi,DOC,Male,Stewart Island,23.16,4.52,3.65,2.34,3.88,1.43,0.81,5.16,9.44,6.32,11.13,11.68,9.68,Callipers
DOC 39,G. helmsi,DOC,Male,Stewart Island,28.83,7.29,6.33,3.33,5.00,1.93,1.36,7.63,13.42,7.89,14.35,13.31,11.59,Callipers
DOC 40,G. helmsi,DOC,Male,Stewart Island,27.63,7.28,6.44,3.22,5.27,1.99,1.47,6.45,13.86,7.53,15.07,13.65,11.68,Callipers
DOC 41,G. helmsi,DOC,Male,Stewart Island,26.71,6.18,5.00,2.89,4.69,1.51,1.21,6.32,12.33,7.53,13.77,12.86,11.33,Callipers
DOC 42,G. helmsi,DOC,Female,Stewart Island,22.49,2.96,2.06,,,,,3.29,7.28,6.94,10.55,12.26,9.88,Callipers
Lincoln_57,G. helmsi,Lincoln Museum,Male,Stewart Island,21.05,5.05,4.21,2.42,3.30,1.59,0.89,5.28,10.95,6.13,12.09,9.65,9.98,Digital
Lincoln_59,G. helmsi,Lincoln Museum,,Stewart Island,,  ,,,,,,,,,,10.92,10.42,
Lincoln_60,G. helmsi,Lincoln Museum,Female,Stewart Island,17.00,1.31,1.10,,,,,2.41,7.15,5.53,10.32,9.06,9.70,Digital
Lincoln_67,G. helmsi,Lincoln Museum,Male,Stewart Island,21.79,6.19,5.15,3.21,4.04,1.78,0.94,4.70,11.93,7.63,13.29,9.46,11.25,Digital
Lincoln_71,G. helmsi,Lincoln Museum,Male,Stewart Island,22.16,5.64,4.54,2.73,4.28,1.66,0.91,6.13,12.08,6.49,13.28,9.53,10.54,Digital
Lincoln_81,G. helmsi,Lincoln Museum,Male,Stewart Island,,7.50,6.16,3.35,4.65,1.97,1.21,7.67,14.45,7.03,15.53,,,Digital
Lincoln_82,G. helmsi,Lincoln Museum,Male,Stewart Island,,7.00,5.83,3.14,4.77,1.89,1.03,6.86,14.55,7.76,15.05,,,Digital
Lincoln_83,G. helmsi,Lincoln Museum,Female,Stewart Island,16.48,2.24,1.65,,,,,2.54,6.51,5.70,9.39,8.24,8.94,Digital
Lincoln_84,G. helmsi,Lincoln Museum,Female,Stewart Island,16.14,2.28,1.62,,,,,2.44,6.05,5.44,8.66,8.26,8.33,Digital
Lincoln_85,G. helmsi,Lincoln Museum,Female,Stewart Island,17.04,2.21,1.58,,,,,2.31,6.79,6.22,9.86,8.51,9.13,Digital
Lincoln_86,G. helmsi,Lincoln Museum,Female,Stewart Island,19.45,2.55,1.72,,,,,2.77,7.51,6.86,10.76,9.83,10.26,Digital
Lincoln_87,G. helmsi,Lincoln Museum,Female,Stewart Island,18.44,2.45,1.77,,,,,2.44,6.41,5.96,9.37,10.03,9.30,Digital
Lincoln_88,G. helmsi,Lincoln Museum,Female,Stewart Island,16.47,2.44,1.77,,,,,2.56,6.56,5.55,8.90,8.36,8.72,Digital
Lincoln_89,G. helmsi,Lincoln Museum,Female,Stewart Island,14.92,1.99,1.36,,,,,2.42,5.86,5.26,8.28,7.24,7.92,Digital
Lincoln_91,G. helmsi,Lincoln Museum,Female,Stewart Island,19.40,2.70,1.79,,,,,2.73,7.41,6.70,10.64,9.97,10.17,Digital
Lincoln_92,G. helmsi,Lincoln Museum,Female,Stewart Island,17.86,2.27,1.58,,,,,2.10,6.65,6.35,9.88,9.41,9.42,Digital
Lincoln_96,G. helmsi,Lincoln Museum,Female,Stewart Island,22.78,3.40,2.20,,,,,4.04,8.94,7.79,12.76,10.95,11.68,Digital
Lincoln_98,G. helmsi,Lincoln Museum,Female,Stewart Island,18.47,2.23,1.52,,,,,2.21,6.54,6.37,9.90,9.89,9.12,Digital
Lincoln_99,G. helmsi,Lincoln Museum,Female,Stewart Island,19.66,2.54,1.69,,,,,2.67,7.01,6.66,10.23,10.33,10.03,Digital
Lincoln_101,G. helmsi,Lincoln Museum,Male,Stewart Island,26.95,8.73,7.39,3.74,5.39,1.57,1.52,8.24,17.03,8.23,18.02,10.47,13.45,Digital
Lincoln_102,G. helmsi,Lincoln Museum,Male,Stewart Island,28.80,10.54,9.23,4.33,6.42,2.69,1.99,8.92,19.28,8.14,19.81,11.74,14.08,Digital
Lincoln_103,G. helmsi,Lincoln Museum,Male,Stewart Island,,9.17,7.98,4.13,5.82,2.34,1.48,6.80,17.57,,,,,Digital
Lincoln_105,G. helmsi,Lincoln Museum,Male,Stewart Island,,6.61,5.92,2.59,3.46,1.44,1.14,5.09,12.66,,,,,Digital
Lincoln_106,G. helmsi,Lincoln Museum,Male,Stewart Island,,7.06,5.68,3.33,4.34,1.26,1.31,5.98,13.66,,,,,Digital
Lincoln_107,G. helmsi,Lincoln Museum,Female,Stewart Island,20.39,2.59,1.87,,,,,2.45,7.43,6.46,10.26,11.48,10.29,Digital
Lincoln_144,G. helmsi,Lincoln Museum,Female,Stewart Island,19.71,2.46,1.77,,,,,2.67,7.14,6.38,10.11,10.66,9.86,Digital
Lincoln_109,G. helmsi,Lincoln Museum,Female,Stewart Island,17.76,2.26,1.53,,,,,2.79,6.54,5.90,9.24,9.08,9.10,Digital
2007.197.275,G. helmsi,CMNZ,Male,Stewart Island,26.68,7.40,6.70,3.15,4.83,1.68,1.50,4.55,14.25,8.86,15.89,13.27,12.61,Digital
2007.197.276,G. helmsi,CMNZ,Male,Stewart Island,24.40,6.97,6.11,2.99,4.09,1.81,1.11,6.05,13.45,7.69,14.40,10.67,11.77,Digital
2007.197.283,G. helmsi,CMNZ,Male,Stewart Island,23.59,6.65,6.09,3.08,4.18,1.60,1.32,4.90,12.84,7.82,13.75,10.87,11.26,Digital
2007.197.284,G. helmsi,CMNZ,Male,Stewart Island,30.74,6.96,6.25,3.29,4.80,1.54,1.42,7.74,14.51,9.31,15.90,13.70,13.59,Digital
2007.197.287,G. helmsi,CMNZ,Male,Stewart Island,20.31,3.60,3.23,2.18,2.75,1.18,0.63,3.06,9.10,6.39,10.36,10.86,9.90,Digital
2007.197.288,G. helmsi,CMNZ,Male,Stewart Island,28.57,7.37,6.73,3.217,4.43,1.79,1.45,6.67,14.28,8.96,15.51,12.95,12.59,Digital
2007.197.291,G. helmsi,CMNZ,Male,Stewart Island,24.04,5.33,4.63,2.60,4.01,1.67,0.85,5.20,11.43,7.59,13.34,11.25,11.53,Digital
2007.197.292,G. helmsi,CMNZ,Female,Stewart Island,21.64,2.19,1.62,,,,,2.68,7.21,6.83,10.05,12.14,10.37,Digital
2007.197.297,G. helmsi,CMNZ,Male,Stewart Island,22.69,5.20,4.49,2.65,3.77,1.38,1.01,4.10,11.75,6.97,12.35,11.62,11.07,Digital
2007.197.299,G. helmsi,CMNZ,Female,Stewart Island,22.61,2.75,2.05,,,,,2.95,7.96,7.07,11.51,12.58,10.71,Digital
2007.197.302,G. helmsi,CMNZ,Female,Stewart Island,23.25,2.87,1.88,,,,,2.24,8.26,7.92,12.29,13.09,12.08,Digital
2007.197.305,G. helmsi,CMNZ,Female,Stewart Island,20.73,2.36,1.63,,,,,2.64,7.34,6.51,10.26,11.57,10.08,Digital
2007.197.306,G. helmsi,CMNZ,Male,Stewart Island,22.32,4.85,4.22,2.53,3.08,1.32,0.82,4.30,10.90,7.15,12.64,10.88,10.82,Digital
2007.197.307,G. helmsi,CMNZ,Female,Stewart Island,20.31,1.98,1.56,,,,,2.36,6.87,6.40,9.95,11.54,9.96,Digital
2007.197.309,G. helmsi,CMNZ,Female,Stewart Island,21.19,2.51,1.91,,,,,2.72,7.33,6.69,10.52,11.79,10.77,Digital
2007.197.310,G. helmsi,CMNZ,Male,Stewart Island,20.09,4.21,3.44,2.35,3.54,1.36,0.66,3.59,9.98,6.65,11.11,9.85,10.01,Digital
2007.197.311,G. helmsi,CMNZ,Male,Stewart Island,21.02,4.41,3.91,2.34,3.38,1.62,0.67,4.53,10.66,6.46,11.52,10.03,10.26,Digital
2007.197.312,G. helmsi,CMNZ,Male,Stewart Island,18.36,3.22,2.74,2.00,2.42,1.11,0.46,3.03,8.90,6.05,9.96,9.28,8.99,Digital
2007.197.313,G. helmsi,CMNZ,Male,Stewart Island,20.23,4.21,3.37,2.28,3.18,1.37,0.63,3.88,9.64,6.37,10.70,9.98,9.78,Digital
2007.197.314,G. helmsi,CMNZ,Male,Stewart Island,23.64,4.88,4.45,2.64,3.78,1.40,1.00,3.87,11.37,7.40,12.61,12.37,11.06,Digital
2007.197.316,G. helmsi,CMNZ,Female,Stewart Island,20.64,2.21,1.58,,,,,2.76,6.84,6.32,9.63,11.56,9.38,Digital
2007.197.319,G. helmsi,CMNZ,Male,Stewart Island,20.65,4.19,3.47,2.47,3.59,1.63,0.56,3.77,10.56,6.84,12.00,10.04,9.62,Digital
2007.197.320,G. helmsi,CMNZ,Male,Stewart Island,23.32,4.60,3.91,2.55,3.68,1.72,0.93,5.04,10.62,6.95,11.80,11.33,10.16,Digital
2007.197.337,G. helmsi,CMNZ,Male,Stewart Island,20.03,4.06,3.22,2.17,3.29,1.21,0.59,3.62,9.26,5.93,10.76,10.48,9.56,Digital
2007.197.340,G. helmsi,CMNZ,Female,Stewart Island,20.31,2.40,1.71,,,,,2.74,6.88,6.34,9.81,11.23,9.75,Digital
AI.028468,G. helmsi,Te Papa Tongarewa,Male,Stewart Island,28.49,7.463,6.241,3.393,5.63,2.033,1.175,7.27,14.625,8.743,15.313,12.48,10.63,Digital
AI.028469,G. helmsi,Te Papa Tongarewa,Male,Stewart Island,29.01,8.825,7.982,3.613,6.391,2.114,1.513,7.743,15.479,7.735,16.905,13.535,11.131,Digital
AI.028470,G. helmsi,Te Papa Tongarewa,Male,Stewart Island,32.32,8.326,7.312,3.649,5.783,2.202,1.389,7.321,15.906,9.674,17.666,15.329,14.582,Digital
AI.028524,G. helmsi,Te Papa Tongarewa,Male,Stewart Island,20.69,4.088,3.506,2.097,3.494,1.442,0.783,4.232,8.456,6.127,10.232,10.329,8.284,Digital
AI.028526,G. helmsi,Te Papa Tongarewa,Male,Stewart Island,27.51,6.325,5.257,3.179,4.861,2.128,0.98,6.912,12.937,7.511,13.152,13.082,11.447,Digital
AI.028619,G. helmsi,Te Papa Tongarewa,Male,Stewart Island,23.47,4.672,3.933,2.352,3.835,1.43,0.859,4.657,10.383,6.723,11.672,12.086,10.422,Digital
AI.028635,G. helmsi,Te Papa Tongarewa,Male,Stewart Island,23.46,4.644,3.69,2.272,3.011,1.171,0.837,4.799,10.011,6.517,12.271,12.146,10.11,Digital
AI.028636,G. helmsi,Te Papa Tongarewa,Male,Stewart Island,20.86,4.057,3.251,2.217,3.426,1.296,0.684,4.128,9.462,5.793,10.653,10.936,8.971,Digital
AI.028638,G. helmsi,Te Papa Tongarewa,Male,Stewart Island,25.52,5.768,4.986,2.75,4.494,1.649,1.168,5.617,11.903,7.069,12.559,12.834,10.769,Digital
AI.028639,G. helmsi,Te Papa Tongarewa,Male,Stewart Island,22.36,4.223,3.384,2.495,3.469,1.264,0.838,4.834,10.304,6.875,11.662,10.65,9.098,Digital
AI.028640,G. helmsi,Te Papa Tongarewa,Male,Stewart Island,24.93,5.407,4.654,2.77,4.52,1.687,1.017,5.219,10.855,7.079,12.897,12.63,10.373,Digital
AI.028641,G. helmsi,Te Papa Tongarewa,Male,Stewart Island,24.49,5.227,4.574,2.421,4.766,1.665,1.091,5.314,10.822,6.916,12.315,12.256,10.493,Digital
AI.028642,G. helmsi,Te Papa Tongarewa,Male,Stewart Island,23.85,4.881,4.316,2.383,4.606,1.398,1.066,5.564,10.837,6.386,11.393,11.895,10.056,Digital
AI.028643,G. helmsi,Te Papa Tongarewa,Male,Stewart Island,23.02,4.533,3.932,2.424,4.218,1.593,0.909,5.355,9.993,6.553,11.655,11.111,9.344,Digital
AI.028644,G. helmsi,Te Papa Tongarewa,Male,Stewart Island,22.03,4.296,3.597,2.269,3.506,1.387,0.939,4.517,9.891,6.49,10.982,11.024,9.372,Digital
AI.028645,G. helmsi,Te Papa Tongarewa,Male,Stewart Island,24.95,5.555,4.93,2.756,4.415,1.683,1.094,5.575,11.306,7.109,12.215,12.265,10.348,Digital
AI.028646,G. helmsi,Te Papa Tongarewa,Male,Stewart Island,28.63,6.51,5.803,3.006,5.209,1.598,1.488,7.402,13.537,7.836,14.137,13.389,11.067,Digital
AI.028693,G. helmsi,Te Papa Tongarewa,Female,Stewart Island,22.41,2.572,2.123,,,,,3.765,7.247,6.397,10.081,12.245,9.917,Digital
AI.028694,G. helmsi,Te Papa Tongarewa,Female,Stewart Island,19.81,2.555,1.833,,,,,3.318,7.823,6.399,10.01,10.094,9.831,Digital
AI.028696,G. helmsi,Te Papa Tongarewa,Female,Stewart Island,19.05,2.188,1.64,,,,,3.317,6.545,5.62,8.928,10.117,8.49,Digital
AI.028720,G. helmsi,Te Papa Tongarewa,Female,Stewart Island,21.42,2.634,1.907,,,,,3.248,7.555,5.859,10.053,12.309,10.011,Digital
AI.028721,G. helmsi,Te Papa Tongarewa,Female,Stewart Island,19.59,2.538,1.678,,,,,2.924,7.029,5.816,8.896,10.853,8.909,Digital
AI.028722,G. helmsi,Te Papa Tongarewa,Female,Stewart Island,22.71,2.349,1.779,,,,,3.721,7.474,6.453,10.339,12.54,10.315,Digital
AI.028729,G. helmsi,Te Papa Tongarewa,Male,Stewart Island,22.25,3.455,2.943,1.972,3.796,0.787,0.607,4.538,8.863,6.279,10.057,11.435,9.933,Digital
AI.028798,G. helmsi,Te Papa Tongarewa,,Stewart Island,,,,,,,,,,,,,,
AI.028799,G. helmsi,Te Papa Tongarewa,Female,Stewart Island,24.95,2.439,1.726,,,,,3.918,7.793,7.42,11.188,13.609,11.301,Digital
AI.028800,G. helmsi,Te Papa Tongarewa,Male,Stewart Island,17.18,2.619,2.341,1.411,2.321,0.823,0.389,3.333,6.615,4.496,7.788,9.353,7.799,Digital
AI.028802,G. helmsi,Te Papa Tongarewa,Male,Stewart Island,29.44,8.264,6.534,3.276,5.284,2.04,1.837,8.491,14.225,7.723,14.333,13.227,11.922,Digital
AI.028803,G. helmsi,Te Papa Tongarewa,Male,Stewart Island,,,,,,,,,,,,,,Digital
AI.028804,G. helmsi,Te Papa Tongarewa,Female,Stewart Island,,,,,,,,,,,,,,Digital
AI.028807,G. helmsi,Te Papa Tongarewa,Male,Stewart Island,21.11,2.904,2.556,1.73,3.125,1.003,0.514,4.597,8.256,5.754,9.679,10.762,9.317,Digital
AI.028808,G. helmsi,Te Papa Tongarewa,Female,Stewart Island,24.54,2.836,2.096,,,,,3.667,8.145,6.998,11.028,13.878,11.298,Digital
AI.028809,G. helmsi,Te Papa Tongarewa,Male,Stewart Island,33.97,8.924,7.515,3.686,6.447,2.232,1.625,9.055,17.083,9.654,17.951,15.259,13.501,Digital
AI.028811.1,G. helmsi,Te Papa Tongarewa,Male,Stewart Island,,3.694,3.384,2.197,3.938,0.792,0.689,4.031,9.873,6.317,11.333,,,Digital
AI.028811.2,G. helmsi,Te Papa Tongarewa,Male,Stewart Island,,4.368,3.94,2.378,3.986,0.992,0.918,,10.991,,,,,Digital
AI.028811.3,G. helmsi,Te Papa Tongarewa,Female,Stewart Island,,2.015,1.383,,,,,2.317,5.642,5.445,8.11,,,Digital
AI.028811.4,G. helmsi,Te Papa Tongarewa,Male,Stewart Island,,4.05,3.42,2.184,4.287,1.256,0.798,10.42,,,,,,Digital
AI.028812,G. helmsi,Te Papa Tongarewa,,Stewart Island,,,,,,,,,,,,13.238,10.817,
AI.028813,G. helmsi,Te Papa Tongarewa,,Stewart Island,,,,,,,,,,,,12.247,9.714,
AI.028815,G. helmsi,Te Papa Tongarewa,Male,Stewart Island,25.27,5.155,4.475,2.549,4.207,1.468,0.994,5.806,11.137,6.734,12.301,12.732,11.053,Digital
AI.028816,G. helmsi,Te Papa Tongarewa,Male,Stewart Island,24.02,4.9,4.148,2.465,4.311,1.591,1.045,5.305,11.237,6.47,11.781,12.246,10.296,Digital
AI.028817,G. helmsi,Te Papa Tongarewa,Male,Stewart Island,21.54,4.014,3.367,2.058,3.483,1.191,0.702,4.573,9.552,6.495,10.755,10.474,8.637,Digital
AI.028824,G. helmsi,Te Papa Tongarewa,Female,Stewart Island,22.15,2.701,2.133,,,,,3.583,7.532,6.564,10.151,12.007,9.336,Digital
AI.042758,G. helmsi,Te Papa Tongarewa,Male,Stewart Island,23.79,5.049,4.426,2.587,3.799,1.45,1.143,4.557,10.64,6.122,11.273,13.115,11.386,Digital
AI.047880,G. helmsi,Te Papa Tongarewa,,Stewart Island,,,,,,,,,,,,,,
UV2,G. helmsi,Fieldwork,Male,Stewart Island,26.44,5.78,4.69,3.08,4.02,1.48,1.28,6.61,11.48,7.61,12.62,12.22,10.42,Callipers
UV3,G. helmsi,Fieldwork,Male,Stewart Island,24.74,4.94,3.99,2.6,3.87,1.7,0.82,6.01,10.02,6.62,11.53,12.11,9.9,Callipers
UV4,G. helmsi,Fieldwork,Male,Stewart Island,30.78,7.37,6.27,2.83,5.34,2.03,1.96,9.16,14.71,7.81,15.21,13.81,11.72,Callipers
UV5,G. helmsi,Fieldwork,Male,Stewart Island,29.15,7.29,6.75,3.48,5.07,1.29,1.52,7.91,13.15,7.89,14.77,13.35,11.38,Callipers
UV6,G. helmsi,Fieldwork,Female,Stewart Island,21.69,3.17,1.82,,,,,3.61,7.08,6.1,9.93,11.98,10.01,Callipers
UV7,G. helmsi,Fieldwork,Male,Stewart Island,25.74,5.29,4.63,2.93,4.18,1.07,1.14,6.79,10.95,6.72,12.41,12.23,10.45,Callipers
UV8,G. helmsi,Fieldwork,Male,Stewart Island,24.37,4.51,4.04,2.55,3.94,1.58,0.91,6.26,10.1,6.32,11.32,11.79,9.95,Callipers
UV9,G. helmsi,Fieldwork,Male,Stewart Island,24.17,4.83,4.21,2.91,4.37,0.89,1.13,5.34,10.04,6.62,11.35,12.21,9.78,Callipers
UV10,G. helmsi,Fieldwork,Male,Stewart Island,21.72,3.89,3.15,2.3,4.09,1.28,0.9,5.06,8.39,6,10.07,10.66,9.33,Callipers
UV11,G. helmsi,Fieldwork,Male,Stewart Island,25.03,5.05,4.58,2.41,4.18,1.38,0.89,6.23,11.2,6.61,12.33,12.19,10.52,Callipers
UV12,G. helmsi,Fieldwork,Female,Stewart Island,20.21,2.15,1.87,,,,,3.53,7.26,6.49,10.04,10.19,9.76,Callipers
UV13,G. helmsi,Fieldwork,Male,Stewart Island,29.04,6.51,5.89,2.89,4.8,1.78,1.3,7.59,13.01,8.1,14.04,13.35,11.64,Callipers
UV14,G. helmsi,Fieldwork,Male,Stewart Island,26.10,5.85,4.93,2.77,4.76,1.62,1.22,6.69,11.27,7.4,12.76,12.01,10.95,Callipers
UV15,G. helmsi,Fieldwork,Female,Stewart Island,22.52,2.64,2.04,,,,,4.18,7.03,6.36,9.86,11.98,9.55,Callipers
UV16,G. helmsi,Fieldwork,Male,Stewart Island,24.04,4.47,3.92,3.01,3.81,1.31,1.01,5.27,10.16,6.89,11.4,11.88,9.81,Callipers
UV17,G. helmsi,Fieldwork,Male,Stewart Island,26.90,7.52,6.54,3.05,5.49,1.77,1.42,7.04,12.79,7.31,13.96,12.55,11.3,Callipers
UV18,G. helmsi,Fieldwork,Male,Stewart Island,24.58,5.12,4.53,2.82,4.66,1.48,0.81,6.38,10.94,6.21,11.94,11.99,10.31,Callipers
UV19,G. helmsi,Fieldwork,Male,Stewart Island,26.29,5.98,5.08,3.08,4.47,1.68,1.23,6.75,11.91,7.34,12.4,12.2,10.78,Callipers
UV20,G. helmsi,Fieldwork,Male,Stewart Island,24.73,4.73,4.71,2.25,4.01,1.5,0.94,6.59,10.18,6.45,11.61,11.69,10.2,Callipers
UV21,G. helmsi,Fieldwork,Male,Stewart Island,23.98,4.44,3.65,2.54,3.68,1.59,0.84,5.79,10.05,6.47,10.07,11.72,9.98,Callipers
UV22,G. helmsi,Fieldwork,Male,Stewart Island,22.63,3.76,3.62,2.24,2.81,1.49,0.85,5.63,9.37,6.24,10.78,10.76,9.31,Callipers
UV23,G. helmsi,Fieldwork,Female,Stewart Island,20.53,2.54,2,,,,,3.23,6.77,5.89,9.71,11.41,9.46,Callipers
UV24,G. helmsi,Fieldwork,Male,Stewart Island,20.72,3.44,3.39,2.09,3.07,1.55,0.89,4.55,8.96,5.81,10.12,10.36,8.99,Callipers
UV25,G. helmsi,Fieldwork,Male,Stewart Island,22.16,3.92,3.27,2.17,3.71,1.57,0.73,5.26,8.76,6.07,9.05,10.83,9.13,Callipers
UV26,G. helmsi,Fieldwork,Male,Stewart Island,23.98,4.46,4.05,2.44,3.87,1.59,0.86,5.25,10.32,6.95,11.44,11.78,10.04,Callipers
UV27,G. helmsi,Fieldwork,Male,Stewart Island,25.76,6.11,5.21,2.93,4.44,1.53,1.12,6.52,11.7,6.97,12.59,12.27,10.63,Callipers
UV28,G. helmsi,Fieldwork,Female,Stewart Island,18.84,2.21,1.93,,,,,2.89,5.45,5.65,8.33,10.3,8.46,Callipers
UV29,G. helmsi,Fieldwork,Male,Stewart Island,24.24,4.75,4.33,2.75,3.91,1.35,0.96,6.23,11.08,6.34,12.09,11.67,10.3,Callipers
UV30,G. helmsi,Fieldwork,Male,Stewart Island,23.39,4.19,3.48,2.27,3.85,1.5,0.85,5.08,9.23,6.37,10.89,11.94,9.39,Callipers
UV31,G. helmsi,Fieldwork,Female,Stewart Island,23.69,2.64,1.98,,,,,3.83,8,7.3,11.39,12.56,10.75,Callipers
UV32,G. helmsi,Fieldwork,Female,Stewart Island,18.94,2.38,2.02,,,,,2.47,6.77,5.85,9.42,10.62,9.32,Callipers
UV33,G. helmsi,Fieldwork,Male,Stewart Island,29.03,6.83,5.71,2.87,5.18,1.95,1.33,7.94,13.84,7.88,14.39,13.21,11.9,Callipers
UV34,G. helmsi,Fieldwork,Male,Stewart Island,28.72,7.24,6.46,3.28,5.38,1.8,1.2,8.14,13.11,7.9,14.57,12.68,11.93,Callipers
UV35,G. helmsi,Fieldwork,Female,Stewart Island,24.77,2.6,2.18,,,,,3.81,8.82,7.8,11.58,13.16,11.29,Callipers
UV36,G. helmsi,Fieldwork,Male,Stewart Island,24.53,5.31,4.75,2.76,4.08,1.62,0.99,5.74,10.85,6.82,11.9,11.97,10.37,Callipers
RARO1,G. helmsi,Fieldwork,Female,Stewart Island,17.42,1.91,1.43,,,,,2.61,6.02,5.21,8.14,9.6,7.94,Callipers
MAM1,G. helmsi,Fieldwork,Male,Stewart Island,25.54,5.19,4.73,2.47,4.05,1.38,1.17,6.18,10.97,6.81,12.24,12.55,10.51,Callipers
MAM2,G. helmsi,Fieldwork,Male,Stewart Island,21.37,3.87,3.83,1.49,2.9,1.77,0.84,5.17,8.85,5.44,10.6,10.76,9.19,Callipers
MAM3,G. helmsi,Fieldwork,Female,Stewart Island,21.23,2.43,2.16,,,,,3.28,6.64,6.69,10,11.26,9.71,Callipers
MAM4,G. helmsi,Fieldwork,Female,Stewart Island,24.86,3.15,2.11,,,,,4.45,8.65,7.32,11.93,13.09,11.57,Callipers
MAM5,G. helmsi,Fieldwork,Female,Stewart Island,21.83,2.45,2.26,,,,,3.89,7.49,6.43,10.43,11.51,9.97,Callipers
RAR2,G. helmsi,Fieldwork,Female,Stewart Island,24.73,2.89,2.65,,,,,3.93,8.27,8.15,12.58,12.65,11.56,Callipers
GOL1,G. helmsi,Fieldwork,Female,Stewart Island,21.64,2.47,2.12,,,,,3.22,7.51,6.57,10.52,11.85,9.88,Callipers
GOL2,G. helmsi,Fieldwork,Female,Stewart Island,21.77,2.96,2.3,,,,,3.81,7.01,6.07,10.15,11.89,9.3,Callipers
GOL3,G. helmsi,Fieldwork,Female,Stewart Island,24.25,2.62,2.16,,,,,3.92,8.09,7.21,11.79,13.12,11.25,Callipers
GOL4,G. helmsi,Fieldwork,Female,Stewart Island,20.71,2.67,2.15,,,,,3.34,6.75,6.01,9.76,11.36,9.47,Callipers
GOL5,G. helmsi,Fieldwork,Female,Stewart Island,21.09,2.59,2.29,,,,,3.39,6.83,6.34,9.64,11.36,9.41,Callipers
RYA1,G. helmsi,Fieldwork,Female,Stewart Island,23.12,2.78,2.29,,,,,3.74,7.72,6.81,10.84,12.57,10.52,Callipers
RYA2,G. helmsi,Fieldwork,Female,Stewart Island,24.02,2.87,2.74,,,,,4.05,8.02,7.07,11.06,12.9,10.87,Callipers
RYA3,G. helmsi,Fieldwork,Female,Stewart Island,23.74,3.23,2.5,,,,,3.9,8.3,7.35,11.28,12.49,10.68,Callipers
RYA4,G. helmsi,Fieldwork,Female,Stewart Island,22.05,2.5,2.31,,,,,3.58,7.2,6.41,10.09,12.06,9.97,Callipers
RYA5,G. helmsi,Fieldwork,Female,Stewart Island,20.49,3,2.71,,,,,3.23,6.6,6.09,9.3,11.17,9.12,Callipers
RYA6,G. helmsi,Fieldwork,Female,Stewart Island,21.76,2.53,2.57,,,,,3.9,7.3,6.42,9.99,11.44,9.65,Callipers
RYA7,G. helmsi,Fieldwork,Female,Stewart Island,24.52,2.91,2.63,,,,,4.5,7.94,7.52,11.12,12.5,10.83,Callipers
RYA8,G. helmsi,Fieldwork,Female,Stewart Island,20.57,2.39,2.18,,,,,3.76,6.49,5.71,9.68,11.1,9.25,Callipers
RYA9,G. helmsi,Fieldwork,Female,Stewart Island,24.54,3.45,2.67,,,,,4.08,8.09,7.23,11.67,13.23,11.23,Callipers
RYA10,G. helmsi,Fieldwork,Female,Stewart Island,23.96,2.99,2.62,,,,,4.1,8.2,7.27,11.92,12.59,11.62,Callipers
RYA11,G. helmsi,Fieldwork,Female,Stewart Island,22.15,2.42,2.09,,,,,3.52,7.33,6.37,9.89,12.26,9.51,Callipers
RYA12,G. helmsi,Fieldwork,Female,Stewart Island,21.23,2.08,2.04,,,,,3.3,6.96,6.22,9.81,11.71,9.39,Callipers
RYA13,G. helmsi,Fieldwork,Female,Stewart Island,24.30,2.83,2.36,,,,,3.97,8.56,6.96,11.63,13.37,11.26,Callipers
TAN2,G. helmsi,Fieldwork,Female,Stewart Island,19.28,2.69,1.81,,,,,3.16,7.16,5.65,9.46,10.47,8.97,Callipers
TAN5,G. helmsi,Fieldwork,Female,Stewart Island,22.24,2.69,2.46,,,,,3.58,7.33,6.31,10.47,12.35,10.02,Callipers
TAN6,G. helmsi,Fieldwork,Female,Stewart Island,18.83,2.13,1.88,,,,,3.24,6.17,5.45,8.68,10.14,8.37,Callipers
TAN7,G. helmsi,Fieldwork,Female,Stewart Island,19.48,2.09,2.01,,,,,3.01,6.25,5.73,9.01,10.74,8.85,Callipers
FG1,G. helmsi,Fieldwork,Male,Stewart Island,27.61,6.35,5.29,3.02,4.82,1.72,1.28,6.6,12.85,7.73,14.98,13.28,12.24,Callipers
FG2,G. helmsi,Fieldwork,Female,Stewart Island,24.08,2.86,2.23,,,,,3.82,8.01,7.39,11.92,12.87,10.84,Callipers
FG3,G. helmsi,Fieldwork,Female,Stewart Island,23.16,2.8,2.28,,,,,3.31,7.6,7.14,11.11,12.71,9.99,Callipers
FG4,G. helmsi,Fieldwork,Female,Stewart Island,24.11,3.24,2.8,,,,,3.51,8,7.17,11.75,13.43,11,Callipers
FG5,G. helmsi,Fieldwork,Female,Stewart Island,19.28,2.45,1.75,,,,,2.82,6.47,5.92,9.35,10.54,8.67,Callipers
FG6,G. helmsi,Fieldwork,Female,Stewart Island,27.01,2.59,2.08,,,,,3.7,7.68,11.1,10.84,12.21,10.38,Callipers
FG7,G. helmsi,Fieldwork,Female,Stewart Island,25.69,3.16,2.73,,,,,4.27,8.09,7.56,12.25,13.86,11.31,Callipers
FG8,G. helmsi,Fieldwork,Female,Stewart Island,23.78,2.77,2.33,,,,,3.71,7.94,7.3,10.97,12.77,10.65,Callipers
FG9,G. helmsi,Fieldwork,Female,Stewart Island,22.51,2.85,2.25,,,,,3.46,7.11,6.81,10.79,12.24,10.37,Callipers
FG10,G. helmsi,Fieldwork,Female,Stewart Island,21.42,2.52,2.14,,,,,3,7.23,6.56,10.78,11.86,9.72,Callipers
FG11,G. helmsi,Fieldwork,Female,Stewart Island,22.01,2.32,2.19,,,,,2.58,7.38,6.94,10.76,12.49,10.08,Callipers
FG12,G. helmsi,Fieldwork,Female,Stewart Island,22.42,2.41,2.09,,,,,3.87,7.18,7.06,10.11,11.49,9.79,Callipers
FG13,G. helmsi,Fieldwork,Female,Stewart Island,20.42,2.37,2.08,,,,,3.04,6.32,6.28,9.06,11.1,9.14,Callipers
FG14,G. helmsi,Fieldwork,Female,Stewart Island,22.92,2.4,2.13,,,,,3.54,7.52,7.36,10.59,12.02,10.35,Callipers
FG15,G. helmsi,Fieldwork,Female,Stewart Island,26.47,2.75,2.17,,,,,4.54,8.58,8.1,12.68,13.83,11.83,Callipers
FG16,G. helmsi,Fieldwork,Female,Stewart Island,23.94,2.77,2.59,,,,,3.56,8,7.28,11.59,13.1,10.92,Callipers
FG17,G. helmsi,Fieldwork,Female,Stewart Island,24.56,2.94,2.62,,,,,3.75,8.24,7.45,11.89,13.36,11.44,Callipers
FG18,G. helmsi,Fieldwork,Female,Stewart Island,26.73,3.01,2.78,,,,,4.14,8.39,8.17,12.78,14.42,12.28,Callipers
FG19,G. helmsi,Fieldwork,Female,Stewart Island,25.38,2.53,2.26,,,,,4.57,8.15,7.5,11.83,13.31,11.17,Callipers
FG20,G. helmsi,Fieldwork,Female,Stewart Island,24.51,2.86,2.47,,,,,4.12,8.02,7.26,11.72,13.13,11.15,Callipers
FG21,G. helmsi,Fieldwork,Female,Stewart Island,19.93,2.33,2.02,,,,,2.61,6.66,5.88,9.56,11.44,9.29,Callipers
FG22,G. helmsi,Fieldwork,Female,Stewart Island,23.56,2.69,1.84,,,,,3.86,7.18,7.12,10.57,12.58,10.4,Callipers
RYA14,G. helmsi,Fieldwork,Female,Stewart Island,20.19,2.35,1.77,,,,,3.03,6.74,6.14,9.9,11.02,9.29,Callipers
RYA15,G. helmsi,Fieldwork,Female,Stewart Island,25.62,2.74,2.53,,,,,3.71,8.18,8.56,12.33,13.35,11.63,Callipers
RYA16,G. helmsi,Fieldwork,Female,Stewart Island,22.07,2.78,2.33,,,,,2.85,7.57,6.8,10.93,12.42,10.61,Callipers
RYA17,G. helmsi,Fieldwork,Female,Stewart Island,24.33,2.66,2.37,,,,,3.73,8.22,7.37,11.59,13.23,11.25,Callipers
RYA18,G. helmsi,Fieldwork,Female,Stewart Island,19.13,2.36,2.18,,,,,2.88,6.65,5.96,9.17,10.29,8.68,Callipers
RYA19,G. helmsi,Fieldwork,Female,Stewart Island,24.57,2.95,2.13,,,,,3.29,7.68,7.6,11.61,13.68,10.92,Callipers
RYA20,G. helmsi,Fieldwork,Male,Stewart Island,24.74,4.91,4.39,2.56,4.39,1.48,1.11,5.33,10.8,7.31,12.38,12.1,10.92,Callipers
RYA21,G. helmsi,Fieldwork,Female,Stewart Island,25.56,2.94,2.5,,,,,4.62,8.05,7.56,12.07,13.38,11.59,Callipers
RYA22,G. helmsi,Fieldwork,Female,Stewart Island,27.28,3.18,2.54,,,,,4.7,8.61,8.27,12.69,14.31,12,Callipers
RYA23,G. helmsi,Fieldwork,Female,Stewart Island,24.44,3.06,2.62,,,,,4.02,7.9,7.43,11.81,12.99,11.3,Callipers
RYA24,G. helmsi,Fieldwork,Female,Stewart Island,21.64,2.61,2.27,,,,,3.46,7.03,6.47,10.12,11.71,9.96,Callipers
RYA25,G. helmsi,Fieldwork,Male,Stewart Island,,,,,,,,,,,,,,Callipers
RYA26,G. helmsi,Fieldwork,Female,Stewart Island,25.91,2.94,2.55,,,,,4.19,8.47,7.9,12.19,13.82,11.63,Callipers
RYA27,G. helmsi,Fieldwork,Female,Stewart Island,22.24,2.75,2.04,,,,,3.87,7.82,6.72,11.9,11.65,11.29,Callipers
RYA28,G. helmsi,Fieldwork,Female,Stewart Island,21.22,2.3,2.03,,,,,2.88,7.5,6.75,10.57,11.59,10.02,Callipers
RYA29,G. helmsi,Fieldwork,Female,Stewart Island,18.63,2.53,2.07,,,,,2.99,6.48,5.59,8.83,10.05,8.55,Callipers
RYA30,G. helmsi,Fieldwork,Female,Stewart Island,23.95,2.66,2.1,,,,,4.19,7.66,7.19,11.41,12.57,10.49,Callipers
RYA31,G. helmsi,Fieldwork,Female,Stewart Island,24.30,3.05,2.3,,,,,3.72,8.63,7.65,11.73,12.93,11.45,Callipers
RYA32,G. helmsi,Fieldwork,Female,Stewart Island,22.95,2.86,2.71,,,,,3.75,7.64,6.91,10.95,12.29,10.65,Callipers
RYA33,G. helmsi,Fieldwork,Female,Stewart Island,21.49,2.75,2.4,,,,,3.67,7.12,6.28,10.23,11.54,9.86,Callipers
RYA34,G. helmsi,Fieldwork,Female,Stewart Island,21.85,2.85,2.27,,,,,3.29,7.2,6.59,10.68,11.97,10.34,Callipers
RYA35,G. helmsi,Fieldwork,Male,Stewart Island,26.77,6.45,5.51,2.8,4.53,1.6,1.19,6.81,11.97,7.38,13.33,12.58,10.8,Callipers
RYA36,G. helmsi,Fieldwork,Female,Stewart Island,21.00,2.47,2.34,,,,,3.59,6.87,6.22,9.95,11.19,9.55,Callipers
RYA37,G. helmsi,Fieldwork,Female,Stewart Island,22.26,2.94,2.42,,,,,4.02,7.29,6.55,10.15,11.69,9.79,Callipers
RYA38,G. helmsi,Fieldwork,Female,Stewart Island,26.60,3.03,2.55,,,,,4.71,8.47,8.36,12.58,13.53,12.09,Callipers
RYA39,G. helmsi,Fieldwork,Female,Stewart Island,24.51,2.8,2.47,,,,,3.58,8.23,7.62,11.92,13.31,11.06,Callipers
RYA40,G. helmsi,Fieldwork,Female,Stewart Island,24.89,2.79,2.48,,,,,4.08,8.05,7.48,12.09,13.33,11.52,Callipers
RYA41,G. helmsi,Fieldwork,Female,Stewart Island,21.95,2.29,2.06,,,,,3.44,6.88,6.55,9.98,11.96,9.85,Callipers
RYA42,G. helmsi,Fieldwork,Female,Stewart Island,20.69,3.15,2.61,,,,,3.3,6.69,6.5,9.72,10.89,9.42,Callipers
RYA43,G. helmsi,Fieldwork,Female,Stewart Island,24.15,3.44,2.13,,,,,3.88,8.11,7.62,11.37,12.65,11.22,Callipers
RYA44,G. helmsi,Fieldwork,Female,Stewart Island,20.19,2.83,2.15,,,,,3.46,6.69,6.04,9.77,10.69,9.46,Callipers
RYA45,G. helmsi,Fieldwork,Female,Stewart Island,23.81,2.91,2.46,,,,,3.66,8.03,7.28,11.83,12.87,11.34,Callipers
RYA46,G. helmsi,Fieldwork,Female,Stewart Island,22.62,2.65,2.31,,,,,3.5,7.29,6.87,10.77,12.25,10.13,Callipers
RYA47,G. helmsi,Fieldwork,Female,Stewart Island,24.69,3.13,2.39,,,,,4.15,8.11,7.49,11.72,13.05,11.04,Callipers
RYA48,G. helmsi,Fieldwork,Female,Stewart Island,22.81,2.78,2.31,,,,,3.84,7.53,6.8,10.84,12.17,10.5,Callipers
RYA49,G. helmsi,Fieldwork,Female,Stewart Island,21.88,2.81,2.43,,,,,3.38,7.09,6.55,10.02,11.95,10.14,Callipers
RYA50,G. helmsi,Fieldwork,Female,Stewart Island,25.53,3.06,2.79,,,,,3.93,8.4,8.22,12.51,13.38,11.79,Callipers
RYA51,G. helmsi,Fieldwork,Female,Stewart Island,23.12,2.82,2.46,,,,,3.52,7.7,7.01,11.03,12.59,10.51,Callipers
RYA52,G. helmsi,Fieldwork,Female,Stewart Island,26.86,3.25,2.99,,,,,4.49,8.8,8.05,13.05,14.32,12.15,Callipers
RYA53,G. helmsi,Fieldwork,Female,Stewart Island,24.81,3.18,2.65,,,,,3.93,7.97,7.6,11.77,13.28,11.27,Callipers
RYA54,G. helmsi,Fieldwork,Female,Stewart Island,20.17,2.48,2.12,,,,,3.12,6.61,6.26,9.62,10.79,9.19,Callipers
RYA55,G. helmsi,Fieldwork,Female,Stewart Island,23.97,2.83,2.7,,,,,4.08,7.72,7.25,11.37,12.64,10.83,Callipers
RYA56,G. helmsi,Fieldwork,Female,Stewart Island,24.18,2.74,2.24,,,,,3.89,7.81,7.33,11.67,12.96,11.31,Callipers
RYA57,G. helmsi,Fieldwork,Female,Stewart Island,22.46,2.89,2.47,,,,,3.81,7.32,6.72,10.68,11.93,10.09,Callipers
RYA58,G. helmsi,Fieldwork,Female,Stewart Island,22.02,2.65,2,,,,,3.38,6.77,6.82,10.06,11.82,9.86,Callipers
RYA59,G. helmsi,Fieldwork,Female,Stewart Island,27.27,2.95,2.74,,,,,4.77,8.79,8.23,12.58,14.27,12.09,Callipers
RYA60,G. helmsi,Fieldwork,Female,Stewart Island,20.16,2.57,2.41,,,,,3.37,7.04,6.11,9.83,10.68,9.39,Callipers
RYA61,G. helmsi,Fieldwork,Female,Stewart Island,24.40,3.14,2.53,,,,,2.94,8.31,8.06,12.28,13.4,11.88,Callipers
RYA62,G. helmsi,Fieldwork,Female,Stewart Island,22.92,2.36,2.02,,,,,3.68,7.49,6.59,10.99,12.65,11.03,Callipers
RYA63,G. helmsi,Fieldwork,Female,Stewart Island,23.72,2.81,2.38,,,,,3.91,7.76,7.19,11.4,12.62,11.01,Callipers
RYA64,G. helmsi,Fieldwork,Female,Stewart Island,26.37,3.09,2.25,,,,,4.03,8.5,8.04,13.1,14.3,12.09,Callipers
RYA65,G. helmsi,Fieldwork,Female,Stewart Island,24.75,2.96,2.08,,,,,3.58,8.52,7.35,12.03,13.82,11.75,Callipers
RYA66,G. helmsi,Fieldwork,Female,Stewart Island,20.02,2.47,2.23,,,,,3.66,6.71,5.57,9.58,10.79,9.33,Callipers
RYA67,G. helmsi,Fieldwork,Female,Stewart Island,25.10,2.66,2.43,,,,,4.2,8.15,7.91,12.09,12.99,11.63,Callipers
RYA68,G. helmsi,Fieldwork,Female,Stewart Island,24.69,2.89,2.34,,,,,3.87,8.42,7.23,11.99,13.59,11.69,Callipers
RYA69,G. helmsi,Fieldwork,Female,Stewart Island,21.39,2.56,2.02,,,,,3.58,6.99,6.17,10.15,11.64,9.7,Callipers
RYA70,G. helmsi,Fieldwork,Female,Stewart Island,25.65,2.95,2.6,,,,,3.95,8.49,7.8,12.48,13.9,11.9,Callipers
RYA71,G. helmsi,Fieldwork,Male,Stewart Island,20.74,3.63,3.01,2.03,3.02,1.19,0.66,4.24,8.7,5.96,10.09,10.54,8.86,Callipers
RYA72,G. helmsi,Fieldwork,Female,Stewart Island,25.16,2.71,2.17,,,,,3.9,8.27,7.66,12.18,13.6,11.45,Callipers
RYA73,G. helmsi,Fieldwork,Female,Stewart Island,23.75,2.54,2.22,,,,,3.94,7.39,7.23,10.91,12.58,10.68,Callipers
RYA74,G. helmsi,Fieldwork,Female,Stewart Island,22.26,2.46,2.13,,,,,3.64,7.22,7.03,10.51,11.59,10.11,Callipers
RYA75,G. helmsi,Fieldwork,Female,Stewart Island,20.71,2.88,2.41,,,,,3.42,7.03,6.53,9.51,10.76,9.27,Callipers
RYA76,G. helmsi,Fieldwork,Female,Stewart Island,19.76,2.42,2.13,,,,,3.49,6.56,5.84,9.05,10.43,8.9,Callipers
RYA77,G. helmsi,Fieldwork,Female,Stewart Island,23.23,3.21,2.62,,,,,3.57,7.56,6.98,11.31,12.68,11.07,Callipers
RYA78,G. helmsi,Fieldwork,Female,Stewart Island,22.93,2.61,2.18,,,,,3.64,7.52,7.14,10.68,12.15,10.58,Callipers
RYA79,G. helmsi,Fieldwork,Female,Stewart Island,25.40,2.94,2.53,,,,,3.85,8.06,7.59,11.98,13.96,11.99,Callipers
RYA80,G. helmsi,Fieldwork,Female,Stewart Island,23.29,3.17,2.3,,,,,3.68,7.99,7.1,11.39,12.51,11.04,Callipers
RYA81,G. helmsi,Fieldwork,Female,Stewart Island,22.34,2.59,2.22,,,,,3.45,7.48,6.82,10.39,12.07,10.43,Callipers
RYA82,G. helmsi,Fieldwork,Female,Stewart Island,22.92,2.37,2.44,,,,,3.66,7.33,6.83,10.48,12.43,10.49,Callipers
RYA83,G. helmsi,Fieldwork,Male,Stewart Island,24.00,4.86,4.36,2.64,3.95,1.5,0.93,5.8,10.34,6.56,11.9,11.64,10.57,Callipers
RYA84,G. helmsi,Fieldwork,Female,Stewart Island,22.85,2.67,2.04,,,,,3.99,7.26,6.75,10.73,12.11,10.56,Callipers
RYA85,G. helmsi,Fieldwork,Female,Stewart Island,23.34,2.81,2.37,,,,,3.65,7.8,6.76,10.93,12.93,11.16,Callipers
RYA86,G. helmsi,Fieldwork,Female,Stewart Island,21.45,2.85,2.31,,,,,3.51,7.22,6.43,10.5,11.51,9.85,Callipers
RYA87,G. helmsi,Fieldwork,Female,Stewart Island,22.80,2.59,2.21,,,,,3.39,7.65,6.99,11.01,12.42,10.91,Callipers
RYA88,G. helmsi,Fieldwork,Female,Stewart Island,22.94,2.63,2.5,,,,,3.56,7.67,6.87,11.01,12.51,10.52,Callipers
RYA89,G. helmsi,Fieldwork,Female,Stewart Island,19.60,2.24,1.83,,,,,3.08,6.87,5.55,9.03,10.97,8.89,Callipers
RYA90,G. helmsi,Fieldwork,Female,Stewart Island,21.85,2.68,2.43,,,,,3.3,6.99,6.42,10.24,12.13,10.23,Callipers
RYA99,G. helmsi,Fieldwork,Female,Stewart Island,24.54,3.09,2.58,,,,,3.99,8.13,7.48,11.66,13.07,11.14,Callipers
RYA100,G. helmsi,Fieldwork,Female,Stewart Island,21.78,2.66,2.06,,,,,3.54,7.52,6.74,10.25,11.5,10.39,Callipers
RYA101,G. helmsi,Fieldwork,Female,Stewart Island,24.46,2.98,2.19,,,,,3.69,8.12,7.51,11.73,13.26,11.61,Callipers
RYA102,G. helmsi,Fieldwork,Female,Stewart Island,21.18,2.45,1.96,,,,,3.1,7.32,6.08,10.39,12,10.51,Callipers
RYA103,G. helmsi,Fieldwork,Female,Stewart Island,27.31,3.26,2.33,,,,,4.3,8.83,8.32,12.69,14.69,12.47,Callipers
RYA104,G. helmsi,Fieldwork,Female,Stewart Island,19.92,2.39,2.09,,,,,3.17,6.81,5.93,9.7,10.82,8.98,Callipers
RYA105,G. helmsi,Fieldwork,Female,Stewart Island,24.75,2.96,2.34,,,,,3.7,8.69,7.75,12.09,13.3,11.81,Callipers
RYA106,G. helmsi,Fieldwork,Female,Stewart Island,25.53,2.77,2.47,,,,,3.61,8,8.53,11.36,13.39,11.46,Callipers
RYA107,G. helmsi,Fieldwork,Female,Stewart Island,24.23,2.73,2.26,,,,,3.64,8.01,7.47,11.78,13.12,11.57,Callipers
RYA108,G. helmsi,Fieldwork,Female,Stewart Island,18.96,2.37,1.87,,,,,2.95,6.33,5.4,8.77,10.61,8.22,Callipers
RYA109,G. helmsi,Fieldwork,Female,Stewart Island,19.78,2.37,2.25,,,,,2.68,6.62,6.14,9.51,10.96,9.48,Callipers
RYA110,G. helmsi,Fieldwork,Female,Stewart Island,23.86,2.97,2.51,,,,,3.39,8.24,7.3,11.69,13.17,11.35,Callipers
GW1,G. helmsi,Fieldwork,Male,Stewart Island,26.11,5.03,4.65,2.78,4.19,1.7,1.05,6.8,11.04,7.19,12.33,12.12,10.52,Callipers
RYA111,G. helmsi,Fieldwork,Female,Stewart Island,24.01,2.84,2.55,,,,,3.8,7.12,7.31,11.14,12.9,11.45,Callipers
RYA112,G. helmsi,Fieldwork,Female,Stewart Island,22.12,2.44,1.91,,,,,3.65,7.09,6.37,10.44,12.1,10.14,Callipers
RYA113,G. helmsi,Fieldwork,Female,Stewart Island,21.30,2.86,2.26,,,,,3.18,7.14,6.58,10.31,11.54,9.96,Callipers
RYA114,G. helmsi,Fieldwork,Female,Stewart Island,20.96,2.57,1.98,,,,,3.01,7.05,6.82,10.19,11.13,9.62,Callipers
RYA115,G. helmsi,Fieldwork,Female,Stewart Island,24.33,2.81,2.15,,,,,4.04,7.73,7.21,11.76,13.08,11.19,Callipers
RYA116,G. helmsi,Fieldwork,Male,Stewart Island,19.59,3.43,3.01,1.87,3.15,1.12,0.81,4.25,8.49,5.16,9.58,10.18,8.49,Callipers
RYA117,G. helmsi,Fieldwork,Female,Stewart Island,23.17,2.42,2.12,,,,,3.88,7.92,6.98,11.36,12.31,10.61,Callipers
RYA118,G. helmsi,Fieldwork,Female,Stewart Island,23.33,2.66,2.06,,,,,3.74,7.61,6.94,11.14,12.65,10.87,Callipers
RYA119,G. helmsi,Fieldwork,Female,Stewart Island,21.26,2.28,1.86,,,,,3.52,6.81,6.11,9.82,11.63,10.16,Callipers
RYA120,G. helmsi,Fieldwork,Female,Stewart Island,20.21,2.6,2.35,,,,,3.32,6.68,5.69,9.5,11.2,9.44,Callipers
RYA121,G. helmsi,Fieldwork,Female,Stewart Island,19.71,2.43,1.86,,,,,2.85,6.67,6.02,9.43,10.84,9.44,Callipers
RYA122,G. helmsi,Fieldwork,Female,Stewart Island,24.11,3.03,2.44,,,,,4.22,7.96,6.84,11.37,13.05,10.91,Callipers
RYA123,G. helmsi,Fieldwork,Female,Stewart Island,21.39,2.62,2.22,,,,,2.88,7.19,6.47,10.23,12.04,10.24,Callipers
RYA124,G. helmsi,Fieldwork,Female,Stewart Island,21.39,2.63,2.08,,,,,3.33,7.23,6.57,10.17,11.49,9.94,Callipers
RYA125,G. helmsi,Fieldwork,Female,Stewart Island,24.95,2.91,2.36,,,,,4.26,8.44,7.22,12.23,13.47,11.53,Callipers
RYA126,G. helmsi,Fieldwork,Female,Stewart Island,19.46,2.54,2.09,,,,,3.05,6.74,5.81,9.35,10.6,9.34,Callipers
RYA127,G. helmsi,Fieldwork,Female,Stewart Island,21.51,2.63,2.31,,,,,3.65,7.03,6.35,9.97,11.51,9.52,Callipers
RYA128,G. helmsi,Fieldwork,Female,Stewart Island,19.55,2.44,2.34,,,,,3.23,6.5,5.74,9.4,10.58,8.99,Callipers
RYA129,G. helmsi,Fieldwork,Female,Stewart Island,21.53,2.45,2.14,,,,,3.15,7.29,6.9,10.53,11.48,10.17,Callipers
RYA130,G. helmsi,Fieldwork,Female,Stewart Island,23.96,2.93,2.48,,,,,3.87,7.97,7.45,11.6,12.64,11.22,Callipers
RYA131,G. helmsi,Fieldwork,Female,Stewart Island,23.92,2.76,2.45,,,,,4.16,7.75,7.3,11.65,12.46,10.92,Callipers
RYA132,G. helmsi,Fieldwork,Female,Stewart Island,23.22,2.99,2.45,,,,,3.63,7.48,6.98,11.33,12.61,10.92,Callipers
RYA133,G. helmsi,Fieldwork,Female,Stewart Island,20.21,2.76,2.45,,,,,2.96,6.41,6.09,9.33,11.16,8.99,Callipers
RYA134,G. helmsi,Fieldwork,Male,Stewart Island,19.27,3.61,3,1.99,3.08,1.08,0.79,3.79,7.67,5.48,9.37,10,8.42,Callipers
RYA135,G. helmsi,Fieldwork,Female,Stewart Island,21.31,2.37,2.04,,,,,2.84,7.2,6.46,10.29,12.01,10.25,Callipers
RYA136,G. helmsi,Fieldwork,Female,Stewart Island,20.10,2.57,2.42,,,,,3.38,6.13,5.86,9.15,10.86,9.3,Callipers
RYA137,G. helmsi,Fieldwork,Female,Stewart Island,23.09,2.68,2.43,,,,,3.46,7.82,7.29,11.58,12.34,11.19,Callipers
RYA138,G. helmsi,Fieldwork,Female,Stewart Island,24.00,2.72,1.91,,,,,3.77,7.7,7.2,11.45,13.03,11.08,Callipers
GOL 16,G. helmsi,Fieldwork,Male,Stewart Island,20.76,4.2,3.43,2.24,3.44,1.53,0.84,4.4,9.15,5.64,10.52,10.72,9.23,Callipers
GOL 17,G. helmsi,Fieldwork,Female,Stewart Island,19.93,2.4,1.89,,,,,2.93,6.43,5.87,9.34,11.13,9.25,Callipers
GOL 18,G. helmsi,Fieldwork,Male,Stewart Island,21.20,4.5,3.43,2.27,3.66,1.45,0.76,4.43,9.58,5.97,10.77,10.8,9.33,Callipers
GOL 19,G. helmsi,Fieldwork,Female,Stewart Island,22.93,2.74,2.24,,,,,3.45,7.94,6.88,11.22,12.6,10.61,Callipers
GOL 20,G. helmsi,Fieldwork,Male,Stewart Island,20.05,3.87,3.13,1.91,2.75,1.34,0.61,4.19,8.26,5.94,9.34,9.92,8.46,Callipers
GOL 21,G. helmsi,Fieldwork,Female,Stewart Island,24.81,2.71,2.29,,,,,4.35,8.52,7.41,11.56,13.05,11.11,Callipers
GOL 22,G. helmsi,Fieldwork,Female,Stewart Island,26.03,3.06,2.35,,,,,4.24,8.3,7.72,12.3,14.07,11.83,Callipers
DB1,G. helmsi,Fieldwork,Female,Stewart Island,21.81,2.21,1.89,,,,,2.97,7.58,6.72,10.6,12.12,10.33,Callipers
RAR3,G. helmsi,Fieldwork,Female,Stewart Island,23.66,2.41,1.95,,,,,3.35,8.13,7.09,11.22,13.22,10.93,Callipers
RAR4,G. helmsi,Fieldwork,Female,Stewart Island,20.70,2.45,2.15,,,,,3.66,6.78,6.04,9.63,11,9.26,Callipers
GOL6,G. helmsi,Fieldwork,Female,Stewart Island,19.67,2.38,1.97,,,,,3.09,6.58,5.62,9.3,10.96,8.66,Callipers
GOL7,G. helmsi,Fieldwork,Female,Stewart Island,20.93,2.59,2.01,,,,,3.17,7.09,6.4,10.09,11.36,9.67,Callipers
GOL8,G. helmsi,Fieldwork,Female,Stewart Island,23.74,3.2,2.43,,,,,4.14,8.01,7.21,10.93,12.39,10.52,Callipers
GOL9,G. helmsi,Fieldwork,Female,Stewart Island,23.02,2.91,2.45,,,,,3.86,7.41,6.74,11.02,12.42,10.16,Callipers
GOL10,G. helmsi,Fieldwork,Female,Stewart Island,22.03,2.88,2.45,,,,,2.85,7.72,6.84,10.98,12.34,10.7,Callipers
GOL11,G. helmsi,Fieldwork,Female,Stewart Island,19.56,2.19,1.93,,,,,2.9,6.68,6.11,9.13,10.55,8.81,Callipers
GOL12,G. helmsi,Fieldwork,Female,Stewart Island,22.36,2.51,2.26,,,,,3.72,7.49,6.7,10.36,11.94,10.09,Callipers
GOL13,G. helmsi,Fieldwork,Male,Stewart Island,21.55,4.18,3.92,2.86,3.38,1.3,0.86,5.41,8.78,5.39,10.29,10.75,8.97,Callipers
GOL14,G. helmsi,Fieldwork,Female,Stewart Island,22.10,2.52,2.19,,,,,3.63,7.67,6.44,10.43,12.03,10.1,Callipers
GOL15,G. helmsi,Fieldwork,Male,Stewart Island,20.01,3.62,2.95,2.18,3.19,1.64,0.6,4.51,8.4,5.32,9.68,10.18,8.59,Callipers
NZAC04249335,G. helmsi,NZAC,Male,Stewart Island,26.89,6.549,5.71,2.784,4.682,1.698,1.239,6.923,12.319,6.749,12.983,13.221,11.356,Digital
NZAC04255437,G. helmsi,NZAC,Male,Stewart Island,37.02,11.438,10.343,4.482,6.404,2.668,2.234,10.859,18.424,9.42,19.545,16.737,14.429,Digital
NZAC04255442,G. helmsi,NZAC,Male,Stewart Island,28.40,8.508,7.786,3.406,6.213,2.047,1.714,9.025,16.044,8.286,17.432,11.092,12.782,Digital
NZAC04255443,G. helmsi,NZAC,Male,Stewart Island,29.47,7.038,6.123,3.105,5.303,1.963,1.542,7.356,14.905,7.894,15.795,14.218,12.051,Digital
